,Thing,URL
0,#3DBenchy - The jolly 3D printing torture-test by CreativeTools.se,https://www.thingiverse.com/thing:763622
1,V29,https://www.thingiverse.com/thing:1179160
2,Digital Sundial,https://www.thingiverse.com/thing:1068443
3,Self-Watering Planter (Small),https://www.thingiverse.com/thing:903411
4,Modular Mounting System,https://www.thingiverse.com/thing:2194278
5,Headphone Stand,https://www.thingiverse.com/thing:2050885
6, 1.75mm Filament Clip,https://www.thingiverse.com/thing:42528
7,The HIVE - Modular Hex Drawers,https://www.thingiverse.com/thing:1743145
8,All In One 3D Printer test,https://www.thingiverse.com/thing:2656594
9,Stackable Battery Holders,https://www.thingiverse.com/thing:1004996
10,Parts Tray Drawers,https://www.thingiverse.com/thing:398548
11,Ender 3 Cable Chain ,https://www.thingiverse.com/thing:2920060
